company,contact_person,prefix,email,phone,address
company1,John Doe the 1,Mr.,,,
comp company 1,Jane Doe the 1,Mrs.,,,
company2,John Doe the 2,Mr.,,,
comp company 2,Jane Doe the 2,Mrs.,,,
company3,John Doe the 3,Mr.,,,
comp company 3,Jane Doe the 3,Mrs.,,,
company4,John Doe the 4,Mr.,,,
comp company 4,Jane Doe the 4,Mrs.,,,
company5,John Doe the 5,Mr.,,,
comp company 5,Jane Doe the 5,Mrs.,,,
company6,John Doe the 6,Mr.,,,
comp company 6,Jane Doe the 6,Mrs.,,,
company7,John Doe the 7,Mr.,,,
comp company 7,Jane Doe the 7,Mrs.,,,
company8,John Doe the 8,Mr.,,,
comp company 8,Jane Doe the 8,Mrs.,,,
company9,John Doe the 9,Mr.,,,
comp company 9,Jane Doe the 9,Mrs.,,,
company10,John Doe the 10,Mr.,,,
comp company 10,Jane Doe the 10,Mrs.,,,
company11,John Doe the 11,Mr.,,,
comp company 11,Jane Doe the 11,Mrs.,,,
company12,John Doe the 12,Mr.,,,
comp company 12,Jane Doe the 12,Mrs.,,,
company13,John Doe the 13,Mr.,,,
comp company 13,Jane Doe the 13,Mrs.,,,
